id,entityId1,entityId2
0,193,19880
1,2132,7358
2,149,8943
3,1621,16058
4,649,1427
5,364,9532
6,2400,10787
7,955,4702
8,1846,15547
9,1316,4506
10,2072,4159
11,1501,5285
12,1248,16298
13,1359,1903
14,541,9189
15,1011,13413
16,1487,3573
17,906,3469
18,1014,7028
19,1684,17948
20,2483,11841
21,1577,13540
22,1717,17261
23,1185,11039
24,2334,10108
25,1905,7800
26,319,21483
27,172,1152
28,1997,12451
29,1423,9727
30,1189,2759
31,1426,10692
32,704,18206
33,750,10530
34,1499,4637
35,2147,2887
36,313,8870
37,1005,11657
38,765,15415
39,1175,19245
40,2371,10923
41,1136,17383
42,1165,3695
43,25,6984
44,2087,11143
45,1104,1397
46,1237,6974
47,2496,12024
48,179,8545
49,1242,2465
50,1291,17829
51,307,10209
52,1851,13348
53,1549,18948
54,1803,6872
55,315,7705
56,1821,10711
57,80,6526
58,1268,4380
59,20,16837
60,2236,1662
61,426,14868
62,483,9130
63,388,1450
64,2229,14755
65,1656,14169
66,1609,2509
67,1895,7660
68,1854,10030
69,1939,20177
70,1666,6194
71,632,13149
72,1219,14406
73,1448,7902
74,2264,19007
75,457,8018
76,719,6972
77,1919,543
78,1412,16818
79,997,4379
80,518,2138
81,1949,17302
82,617,19540
83,1975,8180
84,1244,10288
85,1224,8070
86,1716,17396
87,1542,10127
88,1960,2284
89,1180,4537
90,645,6760
91,599,556
92,131,5595
93,1511,4519
94,870,14930
95,33,11683
96,205,10517
97,2221,11340
98,1119,3471
99,623,14735
100,447,13174
101,1477,2432
102,1252,9635
103,1626,13619
104,468,20645
105,1292,18602
106,133,18758
107,1628,6288
108,2226,8670
109,2257,8356
110,603,21731
111,452,16645
112,2305,10515
113,949,7346
114,1766,5888
115,1563,430
116,1370,5172
117,1077,11884
118,803,4121
119,1951,20443
120,892,21096
121,1138,9085
122,1195,5364
123,1943,15780
124,2150,21343
125,2219,245
126,1706,17026
127,2471,19283
128,563,18915
129,798,6373
130,1715,20591
131,1545,21374
132,2407,12311
133,1481,4162
134,711,7671
135,1461,3780
136,1607,13172
137,1934,9578
138,1282,1240
139,395,99
140,9,2456
141,1394,19580
142,178,19149
143,2507,5038
144,1700,13659
145,2550,15807
146,2016,12006
147,1107,12700
148,1769,5882
149,975,13422
150,1882,10854
151,2076,18297
152,850,8443
153,2349,18166
154,1875,9386
155,1155,14873
156,2073,15479
157,1800,255
158,1829,19353
159,221,16624
160,1578,3323
161,346,8304
162,654,14489
163,345,8386
164,780,14278
165,1432,6230
166,2488,5635
167,85,9496
168,648,4759
169,2397,10117
170,880,5986
171,2029,14035
172,448,13173
173,1571,6998
174,1579,11460
175,2013,9226
176,637,15920
177,2515,4424
178,907,13994
179,811,453
180,527,485
181,742,8235
182,1151,18330
183,1513,1592
184,561,18152
185,1860,5560
186,2201,17198
187,2006,13921
188,2548,19117
189,130,9890
190,1360,994
191,514,14881
192,1178,18153
193,666,12514
194,805,14294
195,1324,912
196,722,12995
197,2089,7048
198,1295,6405
199,2267,2527
200,1468,2293
201,1451,4719
202,1063,3145
203,785,10845
204,1681,13297
205,925,21757
206,476,2717
207,1891,15304
208,917,17317
209,1108,10672
210,938,15252
211,681,20251
212,558,5883
213,1070,18620
214,797,6508
215,2097,21457
216,66,3668
217,231,10436
218,151,691
219,2276,12760
220,1356,11269
221,1163,6862
222,1512,20844
223,2295,21434
224,1190,10706
225,336,20174
226,1368,12442
227,2540,5175
228,186,1928
229,540,9383
230,916,8910
231,2028,12891
232,615,17519
233,2156,14545
234,2327,8544
235,2252,16783
236,539,11542
237,399,713
238,201,6828
239,1535,18999
240,1183,11288
241,2254,345
242,431,18464
243,2368,15351
244,2315,9548
245,1340,8496
246,2107,8358
247,57,13302
248,2078,3894
249,983,18364
250,974,19753
251,2253,11265
252,29,6031
253,1236,7615
254,935,14800
255,1001,6638
256,219,8696
257,715,7850
258,2121,4432
259,945,3103
260,347,14458
261,556,6721
262,2047,8524
263,284,2675
264,114,9223
265,2513,20426
266,1791,19538
267,939,3615
268,1457,8346
269,1904,15684
270,1837,13677
271,376,9389
272,2231,17839
273,1964,14803
274,2293,6548
275,264,16640
276,1657,16332
277,864,11894
278,1695,17274
279,1391,2976
280,2539,10705
281,1080,14454
282,1230,4667
283,1560,19669
284,1380,20890
285,2183,10973
286,2146,6470
287,1325,10507
288,2440,6643
289,394,1767
290,2140,6965
291,2116,14495
292,351,10048
293,2522,3324
294,1655,10361
295,93,8350
296,1640,9564
297,2084,8987
298,1305,2558
299,1777,3750
300,2243,481
301,1833,9342
302,312,13299
303,759,8381
304,584,965
305,678,8962
306,1261,8266
307,1485,1375
308,1708,16226
309,1441,15284
310,1635,20243
311,1845,185
312,932,2813
313,1197,4814
314,1908,20111
315,1177,20811
316,1893,11120
317,853,6747
318,836,8739
319,893,11620
320,2378,11830
321,2158,9026
322,537,790
323,137,21120
324,908,13023
325,126,1555
326,235,21783
327,310,4720
328,1166,3903
329,1256,20411
330,2141,11048
331,1784,11403
332,2024,18710
333,239,10617
334,1353,6819
335,920,3246
336,529,17879
337,1928,13789
338,737,6759
339,1516,888
340,1672,9027
341,1999,20189
342,1506,16666
343,828,10887
344,512,9060
345,1617,2748
346,991,12312
347,1671,20794
348,874,5644
349,2211,4646
350,692,18704
351,548,3414
352,1595,13390
353,102,11759
354,2356,5527
355,717,20106
356,944,14177
357,611,8429
358,1454,10760
359,1874,14194
360,1742,15527
361,1774,18402
362,1355,559
363,931,6451
364,781,17483
365,1217,5249
366,1944,828
367,1733,21812
368,887,12783
369,2101,15843
370,2248,8368
371,53,17892
372,78,12347
373,1938,19138
374,138,11468
375,2516,20309
376,1124,15647
377,455,19347
378,398,16514
379,2339,2236
380,1286,16535
381,1771,235
382,1149,9481
383,39,10872
384,531,19817
385,749,15430
386,2381,3482
387,999,4923
388,181,12012
389,903,16989
390,2331,21976
391,1957,17570
392,2438,2861
393,164,18937
394,2111,3377
395,446,5774
396,95,10966
397,694,20006
398,1699,17103
399,1398,4586
400,2461,13243
401,2527,13282
402,871,20288
403,1030,10555
404,604,15829
405,1301,6494
406,281,7824
407,2239,326
408,669,12490
409,1772,2222
410,788,14901
411,1868,4494
412,1790,19800
413,2019,16543
414,710,2945
415,1986,6413
416,184,2959
417,1606,18687
418,173,1249
419,1029,16791
420,1405,14894
421,382,12582
422,2117,14557
423,986,6669
424,386,4058
425,2387,20821
426,192,11131
427,1413,2788
428,329,7314
429,688,4783
430,1899,5458
431,2118,20621
432,99,4520
433,2317,15825
434,498,5577
435,266,2949
436,30,11088
437,2209,17162
438,2184,11689
439,818,979
440,1456,18231
441,635,7145
442,937,19775
443,2481,6885
444,2342,638
445,1125,8267
446,378,21690
447,2186,13583
448,472,15367
449,389,10543
450,2503,20051
451,145,15891
452,2123,1794
453,94,9051
454,1810,577
455,1863,21325
456,1476,11083
457,480,376
458,7,1303
459,2100,20731
460,1866,14359
461,567,12173
462,2502,16032
463,294,19911
464,1186,16092
465,387,3169
466,337,6115
467,2265,18698
468,2255,14015
469,491,19957
470,2427,1156
471,2052,6286
472,1140,9097
473,1320,884
474,2244,594
475,1508,19514
476,322,9990
477,2071,8814
478,6,9015
479,816,11998
480,2159,17899
481,588,20108
482,502,11435
483,107,12090
484,614,22045
485,1458,16055
486,1137,4429
487,1883,19123
488,1525,12543
489,1482,8566
490,1937,8500
491,752,7075
492,636,9151
493,2210,16560
494,1218,5267
495,1562,12169
496,1651,13804
497,215,6601
498,2059,5734
499,258,10646
500,961,14317
501,1134,8789
502,1418,14715
503,1884,17578
504,1705,14645
505,1592,16658
506,49,8096
507,1460,14498
508,1074,20740
509,771,5517
510,594,20843
511,1663,10771
512,2353,13476
513,1548,9245
514,739,11687
515,829,8897
516,1066,8297
517,2435,20419
518,1632,20070
519,1142,14277
520,2478,16862
521,309,19291
522,2080,16295
523,375,5041
524,2017,16793
525,662,17258
526,1347,12431
527,1643,2779
528,1789,11778
529,1035,21947
530,2396,18101
531,134,3740
532,2485,8095
533,1437,11704
534,474,18529
535,461,18389
536,1984,1120
537,2329,14073
538,1229,5842
539,1263,22051
540,3,4378
541,1703,17701
542,1614,11350
543,1010,15003
544,741,11537
545,1728,12125
546,690,12896
547,1529,1441
548,2054,7601
549,624,4039
550,2340,3758
551,1963,6961
552,905,19636
553,1277,1880
554,597,22043
555,1498,5234
556,1474,3961
557,272,3965
558,1624,5013
559,672,2944
560,745,11810
561,2511,21503
562,2335,8279
563,504,15431
564,1403,21315
565,734,5991
566,2106,1253
567,1738,20132
568,1194,14916
569,973,21568
570,2039,7443
571,2103,2963
572,1753,16220
573,1855,12474
574,1402,20183
575,155,3446
576,709,1096
577,81,17194
578,1637,1270
579,1009,780
580,2479,10669
581,1417,7248
582,769,6362
583,297,15653
584,2031,9533
585,934,13148
586,1618,6364
587,1726,18463
588,1727,14918
589,591,5594
590,585,14867
591,157,16205
592,286,18626
593,1037,12168
594,227,2202
595,2273,5255
596,1092,13747
597,1071,16126
598,1210,1324
599,2125,16072
600,225,12627
601,770,11223
602,356,21591
603,1207,6898
604,1589,2645
605,680,843
606,950,15942
607,926,4426
608,1083,20644
609,2412,7233
610,1024,12674
611,104,11791
612,2179,18387
613,1362,17388
614,2538,2279
615,1559,14553
616,2063,6308
617,1652,14384
618,2542,6690
619,64,8391
620,1952,1769
621,1365,18372
622,1385,17536
623,2188,2671
624,2324,20693
625,2191,16173
626,714,16478
627,2260,13722
628,970,6930
629,1704,16231
630,1467,16059
631,1539,4756
632,429,3273
633,1090,16634
634,1095,2702
635,1732,5720
636,496,4496
637,97,15904
638,833,18899
639,1036,10880
640,323,1244
641,1976,12093
642,218,5046
643,2061,352
644,182,7399
645,2543,2533
646,2230,12949
647,41,6816
648,2508,11582
649,2392,15893
650,2000,14202
651,684,17573
652,1534,1090
653,1701,18549
654,1827,2578
655,2030,13167
656,1623,6592
657,1834,16331
658,303,19299
659,1862,15434
660,695,12569
661,2374,3051
662,522,14014
663,2224,14686
664,1148,16756
665,1966,656
666,167,15437
667,2083,14539
668,2237,1696
669,2164,3694
670,1877,2927
671,1714,18512
672,2092,13767
673,1510,19042
674,176,4854
675,941,2805
676,1973,3155
677,1946,1315
678,1850,17488
679,2394,13251
680,667,7079
681,2501,4362
682,1102,7853
683,2033,18679
684,1287,15033
685,547,9295
686,147,21192
687,996,2750
688,1504,4817
689,1424,8192
690,820,6298
691,1509,9332
692,328,14369
693,687,20212
694,2523,10365
695,1251,2073
696,2094,15247
697,168,20286
698,838,715
699,276,15426
700,2459,7486
701,544,13664
702,26,537
703,1073,2522
704,2474,14437
705,720,13398
706,1802,14924
707,1713,21093
708,857,7347
709,58,21239
710,454,1891
711,2124,11564
712,2069,21448
713,919,17371
714,91,17687
715,861,11942
716,2007,20461
717,1930,15375
718,1367,12146
719,2245,3566
720,2328,16352
721,144,7970
722,2531,19976
723,2341,7893
724,2213,21798
725,1720,20522
726,2274,356
727,2497,19525
728,625,18443
729,1660,11172
730,1903,10674
731,1931,11214
732,1022,12116
733,1298,8455
734,1065,10600
735,1435,7324
736,1112,10800
737,1953,11438
738,1311,14760
739,2139,101
740,2040,9550
741,259,10734
742,979,9553
743,1369,14864
744,1031,13438
745,1484,15558
746,2296,12892
747,656,10558
748,1550,11326
749,2476,6955
750,90,21917
751,1983,6913
752,424,8534
753,334,10661
754,463,11440
755,1377,12161
756,1610,10450
757,2418,7679
758,1081,21587
759,841,7503
760,2409,11714
761,211,400
762,663,7135
763,2074,17803
764,1992,1274
765,229,13258
766,2160,9858
767,199,5511
768,370,15071
769,2151,7338
770,895,12463
771,428,6990
772,470,10874
773,1141,9253
774,1901,10882
775,1797,6004
776,1489,2077
777,1478,1766
778,1630,10851
779,1564,6914
780,101,2593
781,660,10273
782,2441,21373
783,1396,2438
784,1262,12734
785,992,19592
786,1552,9156
787,136,2576
788,416,19475
789,936,14004
790,503,10206
791,2477,4884
792,2192,3144
793,2154,11211
794,217,5274
795,1792,8494
796,1159,13109
797,555,19009
798,595,14869
799,1397,20805
800,1266,4232
801,1922,20240
802,317,1082
803,1613,17218
804,1885,2010
805,735,12273
806,658,21942
807,1187,5479
808,202,2447
809,1044,3009
810,260,3777
811,2050,21912
812,507,11953
813,42,172
814,1861,18357
815,1751,20117
816,299,4644
817,1615,12973
818,1927,19026
819,2520,15683
820,2099,12941
821,1198,14823
822,2025,2698
823,630,12817
824,500,12544
825,2096,2974
826,1338,17543
827,1317,20506
828,872,15268
829,2422,8663
830,2259,14834
831,2345,15061
832,2416,5899
833,511,1392
834,738,18197
835,1748,17507
836,2510,11625
837,1653,1649
838,542,13159
839,2119,20314
840,2519,2668
841,579,15015
842,1573,5415
843,2163,8469
844,2332,18200
845,1584,11475
846,2297,10869
847,1907,10481
848,2536,12333
849,54,6572
850,2369,20052
851,2275,19662
852,1888,6729
